S002545372,Wall Rack
S002473244,
S002543886,
S002529468,
S002542214,
S002543138,
S002545859,
S002543222,
S002544416,
S002545375,
S002495505,
S002495506,
S002542184,
S002543454,
S002541876,
S002495450,
S002545998,
S002544575,
S002544259,
S002543135,
S002541804,
S002541804,
S002543450,
S002471751,
S002543453,
S002534676,
S002546085,
S002544759,
S002546083,
S002536691,
S002536151,
S002493027,
S002541677,
S002502703,
S002543541,
S002544138,
S002544040,
S002545116,
S002544345,
S002536121,
S002538510,
WBSH008,
S002529967,
S002544813,
S002546087,
S002543136,
S002544455,
S002491287,
S002545543,
S002511761,
S002537505,
S002499810,
S002543456,
S002546092,
S002546098,
S002546091,
S002537679,
S002544946,
S002529813,
S002544039,
S002543543,
S002541245,
S002538142,
S002545288,
S002546075,
S002542846,
S002540410,
S002540520,
S002539274,
S002495653,
S002541187,
S002546104,
S002545289,
S002541167,
S002536132,
S002543451,
S002545286,
S002545290,
S002546093,
S002504996,
S002546094,
S002546095,
S002540723,
S002538015,
S002543137,
S002532775,
S002537482,
S002540488,
S002543693,
S002542602,
S002542472,
S002544131,
S002543073,
S002535850,
S002541901,
S002544629,
S002546096,
S002509707,
S002480320,
S002545685,
S002543072,
S002493856,
S002544631,
S002546450,
S002537631,
S002534953,
S002542589,
S002538289,
S002541686,
S002534259,
S002543129,
S002544348,
S002545689,
S002545017,
S002486812,
S002542599,
S002535674,
S002467081,
S002534948,
S002488348,
S002540042,
S002546005,
S002523446,
S002544737,
S002504074,
S002541661,
S002533214,
S002495263,
S002510133,
S002544630,
S002544757,
S002540712,
S002543438,
S002529463,
S002527388,
S002539876,
S002541044,
S002539348,
S002484259,
S002543728,
S002490994,
S002479733,
S002542601,
S002535168,
S002541276,
S002541993,
S002541198,
S002534115,
S002533105,
S002428582,
S002545453,
S002537880,
S002542773,
S002543140,
S002535673,
S002543717,
S002490474,
S002544434,
S002537728,
S002528506,
S002542051,
S002543139,
S002528624,
S002545360,
S002545712,
S002544632,
S002545616,
S002499460,
S002545361,
S002543439,
S002543141,
S002531557,
S002544002,
S002545661,
S002542243,
S002541197,
S002541210,
S002543131,
S002543194,
S002543055,
S002543053,
S002539731,
S002541992,
S002541005,
S002545883,
S002540721,
S002545690,
S002537855,
S002540919,
S002538760,
S002543906,
S002542325,
S002544627,
S002543027,
S002538993,
S002536097,
S002535488,
S002544000,
S002545842,
S002522949,
S002545272,
S002489104,
S002546318,
S002539618,
S002516837,
S002542731,
S002517263,
S002538844,
S002542514,
S002509278,
S002486935,
S002489110,
S002540377,
S002544143,
S002537900,
S002546103,
S002546612,
S002543142,
S002543133,
S002545233,
S002534116,
S002541208,
S002541909,
S002511219,
S002541209,
S002508048,
S002490716,
S002500842,
S002545994,
S002532316,
S002534318,
S002533979,
S002504857,
S002495675,
S002534680,
S002536875,
S002516495,
S002540313,
S002532181,
S002544838,
S002546010,
S002533043,
S002524444,
S002494973,
S002543452,
S002445473,
S002541206,
S002537699,
S002544262,
S002541070,
S002528683,
S002546359,
S002542872,
S002494857,
S002492837,
S002542185,
S002536473,
S002541527,
S002543213,
S002543166,
S002543165,
S002545126,
S002545676,
S002542081,
S002537700,
S002538618,
S002544633,
S002542588,
S002543820,
S002547675,
S002545915,
S002545279,
S002542717,
S002542730,
S002542499,
S002544830,
S002541337,
S002545405,
S002544829,
S002545383,
S002541491,
S002541853,
S002537866,
S002542802,
S002543130,
S002530729,
S002533042,
S002541192,
S002537273,
S002538028,
S002538823,
S002543368,
S002540793,
S002540725,
S002544111,
S002545660,
S002541303,
S002542927,
S002544426,
S002540867,
S002542998,
S002493928,
S002512526,
S002487009,
S002537414,
S002544779,
S002541911,
S002542426,
S002493924,
S002525551,
S002528554,
S002528557,
S002544635,
S002541260,
S002541313,
S002544383,
S002541259,
S002542801,
S002538657,
S002541308,
S002544147,
S002540169,
S002540170,
S002542940,
S002492262,
S002542182,
S002541291,
S002539037,
S002493923,
S002429019,
S002544425,
S002541522,
S002541523,
S002546038,
S002541921,
S002543197,
S002544281,
S002544447,
S002541920,
S002519250,
S002545065,
S002546039,
S002526667,
S002545686,
S002545835,
S002541405,
S002546330,
S002515987,
S002539026,
S002531155,
S002540603,
S002545066,End of Wall Rack
S002547746,Start Backstock Bin
S002547745,
S002547744,
S002547728,
S002547726,
S002547725,
S002547729,
S002547637,
S002547667,
S002547699,End Backstock Bin
S002546205,2 Piece Display
S002453685,
S002500548,End 2 Piece Display
S002541128,Front Display
S002541129,End of Front Display
S002541174,
S002531993,
S002509875,
S002546942,Backstock Bin 2
S002546915,
S002546914,
S002546785,
S002546787,
S002546784,
S002546841,
S002546842,
S002546843,
S002546844,
S002546866,
S002546690,
S002546658,
S002546526,
S002546525,
S002546514,
S002546654,
S002546594,
S002546582,
S002547156,
S002546984,
S002546983,
S002546943,
S002546944,
S002546945,
S002546941,
S002547307,
S002547437,
S002547436,
S002547438,
S002547455,
S002547110,
S002547609,
S002547607,
S002547598,
S002547596,
S002547639,
S002547654,
S002547655,
S002547656,
S002547536,
S002547581,
S002547566,
S002547589,
S002547308,
S002547310,
